nama,umur,gender,nat,email
Mattie,60,female,US,mattie.spencer@example.com
Agathe,48,female,FR,agathe.michel@example.com
Andrea,70,female,AU,andrea.matthews@example.com
Line,42,female,FR,line.vincent@example.com
Jean,58,female,US,jean.wallace@example.com
Jessie,59,female,US,jessie.hopkins@example.com
Lya,40,female,FR,lya.nicolas@example.com
Edna,48,female,AU,edna.bishop@example.com
Sherry,51,female,AU,sherry.sanchez@example.com
Maurice,73,male,US,maurice.willis@example.com
Tyler,64,male,US,tyler.morgan@example.com
Norah,71,female,FR,norah.renaud@example.com
Louisa,30,female,FR,louisa.hubert@example.com
Rose,28,female,FR,rose.rousseau@example.com
Eden,27,female,FR,eden.renaud@example.com
Milan,74,male,FR,milan.lacroix@example.com
Mabel,33,female,AU,mabel.harper@example.com
Tony,63,male,FR,tony.roger@example.com
Melanie,75,female,US,melanie.sims@example.com
Stacy,47,female,AU,stacy.allen@example.com
David,56,male,FR,david.legrand@example.com
Raymond,43,male,AU,raymond.long@example.com
Marsha,56,female,US,marsha.jenkins@example.com
Carmen,66,female,AU,carmen.williams@example.com
Tracey,62,female,AU,tracey.ray@example.com
Anita,68,female,AU,anita.spencer@example.com
Janet,40,female,AU,janet.nguyen@example.com
Meghan,49,female,AU,meghan.pierce@example.com
Joshua,34,male,FR,joshua.roussel@example.com
Krin,32,female,AU,krin.cruz@example.com
Eric,76,male,AU,eric.ramirez@example.com
Alexandre,55,male,FR,alexandre.boyer@example.com
Tom,41,male,FR,tom.guillaume@example.com
Gabin,52,male,FR,gabin.pierre@example.com
Misty,32,female,AU,misty.mitchelle@example.com
Anna,34,female,FR,anna.marchand@example.com
Maxime,80,male,FR,maxime.caron@example.com
Ida,56,female,US,ida.robinson@example.com
Natalie,26,female,US,natalie.douglas@example.com
Morris,67,male,AU,morris.rogers@example.com
Anna,70,female,FR,anna.blanchard@example.com
Rafael,80,male,US,rafael.fletcher@example.com
Carla,69,female,US,carla.wood@example.com
Dave,36,male,US,dave.torres@example.com
Franklin,48,male,AU,franklin.elliott@example.com
Mahé,29,male,FR,mahe.leclercq@example.com
Gladys,65,female,US,gladys.austin@example.com
Stephanie,52,female,US,stephanie.phillips@example.com
Lucy,55,female,FR,lucy.jean@example.com
Elliot,45,male,FR,elliot.roy@example.com
Liam,34,male,US,liam.hopkins@example.com
Rosa,36,female,US,rosa.ellis@example.com
Justin,45,male,US,justin.diaz@example.com
Claude,54,male,AU,claude.may@example.com
Eléa,43,female,FR,elea.blanchard@example.com
Romain,67,male,FR,romain.bourgeois@example.com
Paul,69,male,FR,paul.deschamps@example.com
Alice,57,female,FR,alice.boyer@example.com
Janice,30,female,AU,janice.riley@example.com
Lillian,53,female,US,lillian.murray@example.com
Kirk,73,male,US,kirk.boyd@example.com
Judy,38,female,AU,judy.hudson@example.com
Melanie,24,female,AU,melanie.chambers@example.com
Kaïs,54,male,FR,kais.dubois@example.com
Sophia,74,female,US,sophia.reynolds@example.com
Kyle,43,male,AU,kyle.george@example.com
Camila,35,female,US,camila.campbell@example.com
Kristen,61,female,AU,kristen.graham@example.com
Jacqueline,35,female,US,jacqueline.miles@example.com
Ryan,58,male,AU,ryan.fox@example.com
Guy,74,male,AU,guy.caldwell@example.com
Marc,68,male,US,marc.arnold@example.com
Janet,68,female,AU,janet.pena@example.com
Owen,72,male,FR,owen.bertrand@example.com
Morgane,27,female,FR,morgane.girard@example.com
Alexander,31,male,US,alexander.rose@example.com
Javier,40,male,US,javier.baker@example.com
Clarence,42,male,US,clarence.stone@example.com
Camila,41,female,AU,camila.cole@example.com
Yann,79,male,FR,yann.picard@example.com
Léa,72,female,FR,lea.perez@example.com
Flenn,45,male,AU,flenn.reyes@example.com
Savannah,48,female,AU,savannah.hanson@example.com
Charlotte,25,female,FR,charlotte.marie@example.com
Noemie,59,female,FR,noemie.joly@example.com
Sasha,75,male,FR,sasha.dupuis@example.com
Margot,76,female,FR,margot.leclerc@example.com
Ewen,56,male,FR,ewen.faure@example.com
Serenity,80,female,US,serenity.jennings@example.com
Samuel,41,male,AU,samuel.vasquez@example.com
Frank,57,male,US,frank.garrett@example.com
Miguel,76,male,AU,miguel.daniels@example.com
Sara,28,female,US,sara.meyer@example.com
Brandy,78,female,AU,brandy.robertson@example.com
Dylan,74,male,FR,dylan.robert@example.com
Sophia,41,female,US,sophia.rivera@example.com
Stacy,80,female,AU,stacy.jackson@example.com
Bernice,33,female,AU,bernice.sutton@example.com
Vincent,32,male,AU,vincent.sanders@example.com
Noham,65,male,FR,noham.mathieu@example.com
Jennie,40,female,US,jennie.wagner@example.com
Adam,41,male,FR,adam.sanchez@example.com
Patrick,44,male,AU,patrick.pearson@example.com
Alexander,36,male,US,alexander.carroll@example.com
Lynn,62,female,US,lynn.warren@example.com
Tracy,48,male,AU,tracy.hayes@example.com
Mila,65,female,FR,mila.mercier@example.com
Anita,37,female,US,anita.lewis@example.com
Naël,52,male,FR,nael.dumas@example.com
Josephine,78,female,AU,josephine.murphy@example.com
Lina,55,female,FR,lina.olivier@example.com
Neil,79,male,AU,neil.dean@example.com
Wilma,28,female,AU,wilma.oliver@example.com
Lonnie,47,male,AU,lonnie.jensen@example.com
Elsa,50,female,FR,elsa.gerard@example.com
Caleb,51,male,US,caleb.obrien@example.com
Estéban,78,male,FR,esteban.dupont@example.com
Julian,38,male,US,julian.cooper@example.com
Maëva,64,female,FR,maeva.giraud@example.com
Gaëtan,72,male,FR,gaetan.david@example.com
Debbie,54,female,AU,debbie.hunter@example.com
Sofia,29,female,US,sofia.richards@example.com
Emilie,44,female,FR,emilie.marchand@example.com
Gordon,65,male,AU,gordon.hayes@example.com
Cassandra,62,female,US,cassandra.kim@example.com
Armand,26,male,FR,armand.roussel@example.com
Fernando,52,male,US,fernando.gonzales@example.com
Jane,52,female,AU,jane.howard@example.com
Darlene,77,female,AU,darlene.shaw@example.com
Raymond,45,male,US,raymond.wilson@example.com
Vernon,48,male,AU,vernon.willis@example.com
Pearl,64,female,US,pearl.wood@example.com
Cory,41,male,AU,cory.ray@example.com
Ruben,27,male,US,ruben.patterson@example.com
Elya,46,female,FR,elya.picard@example.com
Clara,28,female,FR,clara.dumont@example.com
Aaron,26,male,US,aaron.hall@example.com
